Product Name,URL
Avian Friends Puzzle,https://www.galison.com/products/avian-friends-puzzle
Frank Lloyd Wright Fallingwater 2 Sided 500 Piece Puzzle,https://www.galison.com/products/frank-lloyd-wright-fallingwater-2-sided-500-piece-puzzle
Michael Storrings Spring On Park Avenue 1000 Piece Puzzle,https://www.galison.com/products/michael-storrings-spring-on-park-avenue-1000-piece-puzzle
Michael Storrings Summer At The Amusement Park 500 Pc Puzzle,https://www.galison.com/products/michael-storrings-summer-at-the-amusement-park-500-pc-puzzle
Rainbow Marbles 500 Piece Puzzle,https://www.galison.com/products/rainbow-marbles-500-piece-puzzle
Rainbow Popsicles 500 Piece Puzzle,https://www.galison.com/products/rainbow-popsicles-500-piece-puzzle
Wendy Gold Butterfly Migration 1000 Pc Puzzle,https://www.galison.com/products/wendy-gold-butterfly-migration-1000-pc-puzzle
Wendy Gold Full Bloom 1000 Piece Puzzle,https://www.galison.com/products/wendy-gold-full-bloom-1000-piece-puzzle
Michael Storrings Paris 1000 Piece Puzzle,https://www.galison.com/products/michael-storrings-paris-1000-piece-puzzle
Ideal Bookshelf Universals 1000 Piece Puzzle,https://www.galison.com/products/ideal-bookshelf-universals-1000-piece-puzzle
Rainbow Ornaments 500 Pc Puzzle,https://www.galison.com/products/rainbow-ornaments-500-pc-puzzle
Winter Wonderland 500 Pc Puzzle,https://www.galison.com/products/winter-wonderland-500-pc-puzzle
Frank Lloyd Wright Saguaro Cactus And Forms Foil Stamped 1000 Pc Puzzle,https://www.galison.com/products/frank-lloyd-wright-saguaro-cactus-and-forms-foil-stamped-1000-pc-puzzle
Phat Dog Vintage Pencils 1000 Piece Foil Stamped Puzzle,https://www.galison.com/products/phat-dog-vintage-pencils-1000-piece-foil-stamped-puzzle
Phat Dog Vintage Library 1000 Piece Foil Stamped Puzzle,https://www.galison.com/products/phat-dog-vintage-library-1000-piece-foil-stamped-puzzle
Andy Warhol Soup Can 2 Sided 500 Piece Puzzle,https://www.galison.com/products/andy-warhol-soup-can-2-sided-500-piece-puzzle
Cosmos Cosmic Lights 500 Piece Puzzle,https://www.galison.com/products/cosmos-cosmic-lights-500-piece-puzzle
Maison De Jeu 250 Piece 2 Sided Puzzle,https://www.galison.com/products/maison-de-jeu-250-piece-2-sided-puzzle
Michael Storrings New York City Subway 500 Piece Puzzle,https://www.galison.com/products/michael-storrings-new-york-city-subway-500-piece-puzzle
Anne Bentley Love Lives Here 1000 Piece Puzzle,https://www.galison.com/products/anne-bentley-love-lives-here-1000-piece-puzzle
Ashley Woodson Bailey 2 Sided 500 Piece Puzzle,https://www.galison.com/products/ashley-woodson-bailey-2-sided-500-piece-puzzle
Moma Josef Albers Wood Puzzle Set,https://www.galison.com/products/moma-josef-albers-wood-puzzle-set
Frank Lloyd Wright Wooden Puzzle Set,https://www.galison.com/products/frank-lloyd-wright-wooden-puzzle-set
Michael Storrings Cuba 1000 Piece Puzzle,https://www.galison.com/products/michael-storrings-cuba-1000-piece-puzzle
Succulent Garden 2 Sided 500 Piece Puzzle,https://www.galison.com/products/succulent-garden-2-sided-500-piece-puzzle
Floret Farms Cut Flower Garden 2 Sided 500 Piece Puzzle,https://www.galison.com/products/floret-farms-cut-flower-garden-2-sided-500-piece-puzzle
Birds Sinfonia Double Sided 250 Piece Puzzle,https://www.galison.com/products/birds-sinfonia-double-sided-250-piece-puzzle
Blooming Books 750 Piece Shaped Puzzle,https://www.galison.com/products/blooming-books-750-piece-shaped-puzzle
Zero Gravity 1000 Piece Puzzle With Shaped Pieces,https://www.galison.com/products/zero-gravity-1000-piece-puzzle-with-shaped-pieces
Gray Malin The Snow Two Sided Puzzle,https://www.galison.com/products/gray-malin-the-snow-two-sided-puzzle
Gray Malin The Beach Two Sided Puzzle,https://www.galison.com/products/gray-malin-the-beach-two-sided-puzzle
The Beachcombers Companion 1000 Piece Puzzle With Shaped Pieces,https://www.galison.com/products/the-beachcombers-companion-1000-piece-puzzle-with-shaped-pieces
Vintage Typewriter 750 Piece Shaped Puzzle,https://www.galison.com/products/vintage-typewriter-750-piece-shaped-puzzle
Anne Bentley Cocktail Map Of The Usa 1000 Piece Puzzle,https://www.galison.com/products/anne-bentley-cocktail-map-of-the-usa-1000-piece-puzzle
Astrology 1000 Piece Foil Puzzle,https://www.galison.com/products/astrology-1000-piece-foil-puzzle
Moma Frank Stella 750 Piece Shaped Puzzle,https://www.galison.com/products/moma-frank-stella-750-piece-shaped-puzzle
Andy Warhol Flowers 500 Piece Puzzle,https://www.galison.com/products/andy-warhol-flowers-500-piece-puzzle
Monet 500 Piece Double Sided Puzzle,https://www.galison.com/products/monet-500-piece-double-sided-puzzle
Frank Lloyd Wright Imperial Hotel Peacock Rug 500 Piece Foil Puzzle,https://www.galison.com/products/frank-lloyd-wright-imperial-hotel-peacock-rug-500-piece-foil-puzzle
Michael Storrings Jazz Age 1000 Piece Puzzle,https://www.galison.com/products/michael-storrings-jazz-age-1000-piece-puzzle
Bibliophile Book Club Darlings 1000 Piece Puzzle,https://www.galison.com/products/bibliophile-book-club-darlings-1000-piece-puzzle
Cat Zodiac 500 Piece Puzzle,https://www.galison.com/products/cat-zodiac-500-piece-puzzle
Artichoke Floral 500 Piece Puzzle,https://www.galison.com/products/artichoke-floral-500-piece-puzzle
Arrows Feathers 500 Piece Foil Puzzle,https://www.galison.com/products/arrows-feathers-500-piece-foil-puzzle
Andy Warhol Mini Shaped Puzzle Banana,https://www.galison.com/products/andy-warhol-mini-shaped-puzzle-banana
Andy Warhol Mini Shaped Puzzle Campbells Soup,https://www.galison.com/products/andy-warhol-mini-shaped-puzzle-campbells-soup
Andy Warhol Mini Shaped Puzzle Marilyn,https://www.galison.com/products/andy-warhol-mini-shaped-puzzle-marilyn
London By Michael Storrings 1000 Piece Puzzle,https://www.galison.com/products/london-by-michael-storrings-1000-piece-puzzle
Rainbow Toy Cars 1000 Piece Puzzle,https://www.galison.com/products/rainbow-toy-cars-1000-piece-puzzle
Id Rather Be Reading 1000 Piece Puzzle,https://www.galison.com/products/id-rather-be-reading-1000-piece-puzzle
Daily Special Set Of Two Shaped Puzzle Set,https://www.galison.com/products/daily-special-set-of-two-shaped-puzzle-set
Houseplant Jungle 1000 Piece Puzzle,https://www.galison.com/products/houseplant-jungle-1000-piece-puzzle
Lets Play Double Sided 250 Piece Puzzle,https://www.galison.com/products/lets-play-double-sided-250-piece-puzzle
Christmas Carolers Square Boxed 1000 Piece Puzzle,https://www.galison.com/products/christmas-carolers-square-boxed-1000-piece-puzzle
Christmas Cottage Square Boxed 1000 Piece Puzzle,https://www.galison.com/products/christmas-cottage-square-boxed-1000-piece-puzzle
Michael Storrings Bow Bridge In Central Park 500 Piece Puzzle,https://www.galison.com/products/michael-storrings-bow-bridge-in-central-park-500-piece-puzzle
Heritage Collection Maison De Jeu 750 Piece Shaped Puzzle,https://www.galison.com/products/heritage-collection-maison-de-jeu-750-piece-shaped-puzzle
Jonathan Adler 750 Piece Lips Shaped Puzzle,https://www.galison.com/products/jonathan-adler-750-piece-lips-shaped-puzzle
Jonathan Adler Rainbow Hand 750 Piece Shaped Puzzle,https://www.galison.com/products/jonathan-adler-rainbow-hand-750-piece-shaped-puzzle
Book Club 1000 Piece Puzzle,https://www.galison.com/products/book-club-1000-piece-puzzle
Just My Type Vintage Typewriter 100 Piece Mini Shaped Puzzle,https://www.galison.com/products/just-my-type-vintage-typewriter-100-piece-mini-shaped-puzzle
Let The Good Times Roll Roller Skate 100 Piece Mini Shaped Puzzle,https://www.galison.com/products/let-the-good-times-roll-roller-skate-100-piece-mini-shaped-puzzle
Youre Sweet Cupcake 100 Piece Mini Shaped Puzzle,https://www.galison.com/products/youre-sweet-cupcake-100-piece-mini-shaped-puzzle
Andy Warhol Selfies 1000 Piece Puzzle,https://www.galison.com/products/andy-warhol-selfies-1000-piece-puzzle
Frank Lloyd Wright Guggenheim Double Sided 500 Piece Puzzle,https://www.galison.com/products/frank-lloyd-wright-guggenheim-double-sided-500-piece-puzzle
Michael Storrings Japanese Tea Garden 300 Piece Puzzle,https://www.galison.com/products/michael-storrings-japanese-tea-garden-300-piece-puzzle
Vintage Toy Trains 300 Piece Puzzle,https://www.galison.com/products/vintage-toy-trains-300-piece-puzzle
Rainbow Summer Flowers 500 Piece Puzzle,https://www.galison.com/products/rainbow-summer-flowers-500-piece-puzzle
Rainbow Butterflies 500 Piece Puzzle,https://www.galison.com/products/rainbow-butterflies-500-piece-puzzle
Rainbow Crystals 500 Piece Puzzle,https://www.galison.com/products/rainbow-crystals-500-piece-puzzle
Fun Flair 500 Piece Puzzle,https://www.galison.com/products/fun-flair-500-piece-puzzle
Succulent Spectrum 500 Piece Puzzle,https://www.galison.com/products/succulent-spectrum-500-piece-puzzle
Wonder Bloom 500 Piece Puzzle,https://www.galison.com/products/wonder-bloom-500-piece-puzzle
Eyes In The Garden 500 Piece Puzzle,https://www.galison.com/products/eyes-in-the-garden-500-piece-puzzle
Gray Malin The Italy Double Sided 500 Piece Puzzle,https://www.galison.com/products/gray-malin-the-italy-double-sided-500-piece-puzzle
Gray Malin The Hawaii Beach Double Sided 500 Piece Puzzle,https://www.galison.com/products/gray-malin-the-hawaii-beach-double-sided-500-piece-puzzle
Birds Of The World 1000 Piece Puzzle,https://www.galison.com/products/birds-of-the-world-1000-piece-puzzle
Bouquet Of Birds 750 Piece Shaped Puzzle,https://www.galison.com/products/bouquet-of-birds-750-piece-shaped-puzzle
Celebrate Everything 1000 Piece Puzzle In Square Box,https://www.galison.com/products/celebrate-everything-1000-piece-puzzle-in-square-box
Classic Rewind 1000 Piece Foil Puzzle,https://www.galison.com/products/classic-rewind-1000-piece-foil-puzzle
Desert Flora 1000 Piece Puzzle With Shaped Pieces,https://www.galison.com/products/desert-flora-1000-piece-puzzle-with-shaped-pieces
Dogs With Jobs 500 Piece Puzzle,https://www.galison.com/products/dogs-with-jobs-500-piece-puzzle
Herstory Museum 1000 Piece Foil Puzzle,https://www.galison.com/products/herstory-museum-1000-piece-foil-puzzle
Jonathan Adler Atlas Layered Wood Puzzle,https://www.galison.com/products/jonathan-adler-atlas-layered-wood-puzzle
Jonathan Adler Infinity Wood Puzzle,https://www.galison.com/products/jonathan-adler-infinity-wood-puzzle
Life Before Social Media 1000 Piece Puzzle,https://www.galison.com/products/life-before-social-media-1000-piece-puzzle
Michael Storrings Cityscape 1000 Piece Panoramic Puzzle,https://www.galison.com/products/michael-storrings-cityscape-1000-piece-panoramic-puzzle
Nantucket License Plates 1000 Piece Puzzle,https://www.galison.com/products/nantucket-license-plates-1000-piece-puzzle
Needlepoint A To Z 1000 Piece Panoramic Puzzle,https://www.galison.com/products/needlepoint-a-to-z-1000-piece-panoramic-puzzle
Painted Desert 500 Piece Puzzle,https://www.galison.com/products/painted-desert-500-piece-puzzle
Plant Life 1000 Piece Panoramic Puzzle,https://www.galison.com/products/plant-life-1000-piece-panoramic-puzzle
San Francisco 1000 Piece Puzzle,https://www.galison.com/products/san-francisco-1000-piece-puzzle
Seas The Day 2 In 1 Shaped Puzzle,https://www.galison.com/products/seas-the-day-2-in-1-shaped-puzzle
Vintage Paper Dolls 1000 Piece Puzzle In Square Box,https://www.galison.com/products/vintage-paper-dolls-1000-piece-puzzle-in-square-box
Warhol Marilyn 500 Piece Double Sided Puzzle,https://www.galison.com/products/warhol-marilyn-500-piece-double-sided-puzzle
Wendy Gold California Mini Shaped Puzzle,https://www.galison.com/products/wendy-gold-california-mini-shaped-puzzle
Wendy Gold Minnesota Mini Shaped Puzzle,https://www.galison.com/products/wendy-gold-minnesota-mini-shaped-puzzle
Wendy Gold Nevada Mini Shaped Puzzle,https://www.galison.com/products/wendy-gold-nevada-mini-shaped-puzzle
Wendy Gold Texas Mini Shaped Puzzle,https://www.galison.com/products/wendy-gold-texas-mini-shaped-puzzle
Wendy Gold Usa State Flowers 1000 Piece Puzzle,https://www.galison.com/products/wendy-gold-usa-state-flowers-1000-piece-puzzle
Michael Storrings Bethesda Fountain 1000 Piece Jigsaw Puzzle,https://www.galison.com/products/michael-storrings-bethesda-fountain-1000-piece-jigsaw-puzzle
Michael Storrings Brooklyn Bridge 1000 Piece Jigsaw Puzzle,https://www.galison.com/products/michael-storrings-brooklyn-bridge-1000-piece-jigsaw-puzzle
Michael Storrings New York Public Library 1000 Piece Jigsaw Puzzle,https://www.galison.com/products/michael-storrings-new-york-public-library-1000-piece-jigsaw-puzzle
Michael Storrings Apres Ski 1000 Piece Jigsaw Puzzle,https://www.galison.com/products/michael-storrings-apres-ski-1000-piece-jigsaw-puzzle
Main Street Village 1000 Piece Jigsaw Puzzle,https://www.galison.com/products/main-street-village-1000-piece-jigsaw-puzzle
Winter Snow Globe 500 Piece Jigsaw Foil Puzzle,https://www.galison.com/products/winter-snow-globe-500-piece-jigsaw-foil-puzzle
Winter Lights Foil Puzzle 500 Piece Jigsaw Puzzle,https://www.galison.com/products/winter-lights-foil-puzzle-500-piece-jigsaw-puzzle
Winter Dogs 500 Piece Jigsaw Puzzle,https://www.galison.com/products/winter-dogs-500-piece-jigsaw-puzzle
Festive Furballs 500 Piece Jigsaw Puzzle,https://www.galison.com/products/festive-furballs-500-piece-jigsaw-puzzle
Oh So Merry Mini Puzzle,https://www.galison.com/products/oh-so-merry-mini-puzzle
How To Become President Of The United States 500 Piece Double Sided Puzzle,https://www.galison.com/products/how-to-become-president-of-the-united-states-500-piece-double-sided-puzzle
Enchanted Nutcracker 500 Piece Puzzle,https://www.galison.com/products/enchanted-nutcracker-500-piece-puzzle
Merry Moonlight Skaters 500 Piece Foil Jigsaw Puzzle,https://www.galison.com/products/merry-moonlight-skaters-500-piece-foil-jigsaw-puzzle
Twinkle Town 500 Piece Puzzle,https://www.galison.com/products/twinkle-town-500-piece-puzzle
Ciao From Cinque Terre 500 Piece Puzzle,https://www.galison.com/products/ciao-from-cinque-terre-500-piece-puzzle
Cakes 500 Piece Jigsaw Puzzle,https://www.galison.com/products/cakes-500-piece-jigsaw-puzzle
Curious Cats 500 Piece Puzzle,https://www.galison.com/products/curious-cats-500-piece-puzzle
Gray Malin At The Parker 500 Piece Double Sided Jigsaw Puzzle,https://www.galison.com/products/gray-malin-at-the-parker-500-piece-double-sided-jigsaw-puzzle
Gray Malin New York City 500 Piece Double Sided Puzzle,https://www.galison.com/products/gray-malin-new-york-city-500-piece-double-sided-puzzle
Jonathan Adler Safari 750 Piece Shaped Foil Puzzle,https://www.galison.com/products/jonathan-adler-safari-750-piece-shaped-foil-puzzle
Liberty London Maxine 500 Piece Double Sided Puzzle With Shaped Pieces,https://www.galison.com/products/liberty-london-maxine-500-piece-double-sided-puzzle-with-shaped-pieces
Noodles For Lunch 500 Piece Puzzle,https://www.galison.com/products/noodles-for-lunch-500-piece-puzzle
Andy Warhol Flowers 300 Piece Lenticular Puzzle,https://www.galison.com/products/andy-warhol-flowers-300-piece-lenticular-puzzle
Andy Warhol Flowers Greeting Card Puzzle,https://www.galison.com/products/andy-warhol-flowers-greeting-card-puzzle
Andy Warhol Marilyn Greeting Card Puzzle,https://www.galison.com/products/andy-warhol-marilyn-greeting-card-puzzle
Andy Warhol Soup Can Greeting Card Puzzle,https://www.galison.com/products/andy-warhol-soup-can-greeting-card-puzzle
Andy Warhol Soup Cans 300 Piece Lenticular Puzzle,https://www.galison.com/products/andy-warhol-soup-cans-300-piece-lenticular-puzzle
Be Kind Panoramic Puzzle,https://www.galison.com/products/be-kind-panoramic-puzzle
Birth Of Venus Meowsterpiece Of Western Art 1000 Piece Puzzle,https://www.galison.com/products/birth-of-venus-meowsterpiece-of-western-art-1000-piece-puzzle
Boss Dogs 500 Piece Family Puzzle,https://www.galison.com/products/boss-dogs-500-piece-family-puzzle
Chihuly Vintage Radios 1000 Piece Puzzle,https://www.galison.com/products/chihuly-vintage-radios-1000-piece-puzzle
English Roses 1000 Piece Puzzle,https://www.galison.com/products/english-roses-1000-piece-puzzle
Everyday Heroes 1000 Piece Puzzle,https://www.galison.com/products/everyday-heroes-1000-piece-puzzle
Flower Power 750 Piece Shaped Puzzle,https://www.galison.com/products/flower-power-750-piece-shaped-puzzle
Frank Lloyd Wright City By The Sea 1000 Piece Foil Puzzle,https://www.galison.com/products/frank-lloyd-wright-city-by-the-sea-1000-piece-foil-puzzle
Frank Lloyd Wright Saguaro Forms Cactus Flowers Greeting Card Puzzle,https://www.galison.com/products/frank-lloyd-wright-saguaro-forms-cactus-flowers-greeting-card-puzzle
Frank Lloyd Wright Taliesin And Taliesin West 500 Piece Double Sided Puzzle,https://www.galison.com/products/frank-lloyd-wright-taliesin-and-taliesin-west-500-piece-double-sided-puzzle
Good Luck Greeting Card Puzzle,https://www.galison.com/products/good-luck-greeting-card-puzzle
Keep Going 1000 Piece Puzzle In Square Box,https://www.galison.com/products/keep-going-1000-piece-puzzle-in-square-box
Liberty London Tudor Building 750 Piece Shaped Puzzle,https://www.galison.com/products/liberty-london-tudor-building-750-piece-shaped-puzzle
Michael Storrings A Day At The Bookstore 1000 Piece Puzzle,https://www.galison.com/products/michael-storrings-a-day-at-the-bookstore-1000-piece-puzzle
Michael Storrings Cherry Blossoms 1000 Piece Puzzle,https://www.galison.com/products/michael-storrings-cherry-blossoms-1000-piece-puzzle
Michael Storrings Times Square 1000 Piece Puzzle,https://www.galison.com/products/michael-storrings-times-square-1000-piece-puzzle
Mixtapes 1000 Piece Puzzle,https://www.galison.com/products/mixtapes-1000-piece-puzzle
Moma Alex Katz Five Women Panoramic Puzzle,https://www.galison.com/products/moma-alex-katz-five-women-panoramic-puzzle
Moma Mondrian Greeting Card Puzzle,https://www.galison.com/products/moma-mondrian-greeting-card-puzzle
Party Animal 750 Piece Shaped Puzzle,https://www.galison.com/products/party-animal-750-piece-shaped-puzzle
Pizza Party 750 Piece Shaped Puzzle,https://www.galison.com/products/pizza-party-750-piece-shaped-puzzle
Plant Shelfie 1000 Piece Puzzle,https://www.galison.com/products/plant-shelfie-1000-piece-puzzle
Portobello Road 1000 Piece Puzzle,https://www.galison.com/products/portobello-road-1000-piece-puzzle
Say It With Flowers Hi Greeting Card Puzzle,https://www.galison.com/products/say-it-with-flowers-hi-greeting-card-puzzle
Say It With Flowers Xoxo Greeting Card Puzzle,https://www.galison.com/products/say-it-with-flowers-xoxo-greeting-card-puzzle
Space Bound 300 Piece Lenticular Puzzle,https://www.galison.com/products/space-bound-300-piece-lenticular-puzzle
Starry Night Petals 500 Piece Puzzle,https://www.galison.com/products/starry-night-petals-500-piece-puzzle
Out Of This World 500 Piece Puzzle,https://www.galison.com/products/out-of-this-world-500-piece-puzzle
Blooming Streets 500 Piece Puzzle,https://www.galison.com/products/blooming-streets-500-piece-puzzle
Greenhouse Gardens 500 Piece Puzzle,https://www.galison.com/products/greenhouse-gardens-500-piece-puzzle
Michael Storrings Christmas Market 1000 Piece Puzzle,https://www.galison.com/products/michael-storrings-christmas-market-1000-piece-puzzle
Michael Storrings Santas Village 1000 Piece Puzzle,https://www.galison.com/products/michael-storrings-santas-village-1000-piece-puzzle
Yuletide Village 500 Piece Puzzle,https://www.galison.com/products/yuletide-village-500-piece-puzzle
Michael Storrings Christmas In The City 1000 Piece Puzzle,https://www.galison.com/products/michael-storrings-christmas-in-the-city-1000-piece-puzzle
Christian Lacroix Heritage Collection Lacroix Photocall Double Sided 500 Piece Jigsaw Puzzle,https://www.galison.com/products/christian-lacroix-heritage-collection-lacroix-photocall-double-sided-500-piece-jigsaw-puzzle
Christian Lacroix Flowers Galaxy Double Sided 500 Piece Jigsaw Puzzle,https://www.galison.com/products/christian-lacroix-flowers-galaxy-double-sided-500-piece-jigsaw-puzzle
Christian Lacroix Heritage Collection Love Who You Want 750 Piece Shaped Puzzle Set,https://www.galison.com/products/christian-lacroix-heritage-collection-love-who-you-want-750-piece-shaped-puzzle-set
City Of Gratitude 1000 Piece Puzzle,https://www.galison.com/products/city-of-gratitude-1000-piece-puzzle
Who Are You 1000 Piece Puzzle,https://www.galison.com/products/who-are-you-1000-piece-puzzle
Gray Malin The Seaside 1000 Piece Puzzle,https://www.galison.com/products/gray-malin-the-seaside-1000-piece-puzzle
Edible Flowers 1000 Piece Puzzle,https://www.galison.com/products/edible-flowers-1000-piece-puzzle
Michael Storrings St Patricks Cathedral 1000 Piece Puzzle,https://www.galison.com/products/michael-storrings-st-patricks-cathedral-1000-piece-puzzle
Colorado Mini Shaped Puzzle,https://www.galison.com/products/colorado-mini-shaped-puzzle
Hawaii Mini Shaped Puzzle,https://www.galison.com/products/hawaii-mini-shaped-puzzle
New York Mini Shaped Puzzle,https://www.galison.com/products/new-york-mini-shaped-puzzle
Florida Mini Shaped Puzzle,https://www.galison.com/products/florida-mini-shaped-puzzle
Vacation Cats 1500 Piece Puzzle,https://www.galison.com/products/vacation-cats-1500-piece-puzzle
Dog Walk 1000 Piece Panoramic Puzzle,https://www.galison.com/products/dog-walk-1000-piece-panoramic-puzzle
Rescue Dogs 1000 Piece Puzzle,https://www.galison.com/products/rescue-dogs-1000-piece-puzzle
National Parks Of America 1000 Piece Puzzle,https://www.galison.com/products/national-parks-of-america-1000-piece-puzzle
Heirloom Pumpkins 1000 Piece Puzzle In Square Box,https://www.galison.com/products/heirloom-pumpkins-1000-piece-puzzle-in-square-box
Quilts Of Gees Bend 1000 Piece Puzzle,https://www.galison.com/products/quilts-of-gees-bend-1000-piece-puzzle
Coffeeology 500 Piece Puzzle,https://www.galison.com/products/coffeeology-500-piece-puzzle
Butterfly Botanica 500 Piece Puzzle With Shaped Pieces,https://www.galison.com/products/butterfly-botanica-500-piece-puzzle-with-shaped-pieces
Tribuna Of The Uffizi Meowsterpiece Of Western Art 1500 Piece Puzzle,https://www.galison.com/products/tribuna-of-the-uffizi-meowsterpiece-of-western-art-1500-piece-puzzle
Kitty Mccall Puzzle Set,https://www.galison.com/products/kitty-mccall-puzzle-set
Wendy Gold Endangered Species 1500 Piece Puzzle,https://www.galison.com/products/wendy-gold-endangered-species-1500-piece-puzzle
Florette 500 Piece Puzzle,https://www.galison.com/products/florette-500-piece-puzzle
Afternoon Tea 500 Piece Puzzle,https://www.galison.com/products/afternoon-tea-500-piece-puzzle
Birdtopia Puzzle Set,https://www.galison.com/products/birdtopia-puzzle-set
Faith Ringgold The Sunflower Quilting Bee At Arles 1000 Piece Puzzle,https://www.galison.com/products/faith-ringgold-the-sunflower-quilting-bee-at-arles-1000-piece-puzzle
Hope Beauty Life Puzzle Set,https://www.galison.com/products/hope-beauty-life-puzzle-set
Frank Lloyd Wright Hoffman House Rug 500 Piece Puzzle With Shaped Pieces,https://www.galison.com/products/frank-lloyd-wright-hoffman-house-rug-500-piece-puzzle-with-shaped-pieces
Michael Storrings Springtime At The Library 500 Piece Double Sided Puzzle,https://www.galison.com/products/michael-storrings-springtime-at-the-library-500-piece-double-sided-puzzle
Kitty Mccall Leopard Vase 144 Piece Wood Puzzle,https://www.galison.com/products/kitty-mccall-leopard-vase-144-piece-wood-puzzle
Butterfly Blooms 144 Piece Wood Puzzle,https://www.galison.com/products/butterfly-blooms-144-piece-wood-puzzle
Lisa Congdon Rabbit Quilt 144 Piece Wood Puzzle,https://www.galison.com/products/lisa-congdon-rabbit-quilt-144-piece-wood-puzzle
Frank Lloyd Wright Colored Pencils Shaped 1000 Piece Panoramic Puzzle,https://www.galison.com/products/frank-lloyd-wright-colored-pencils-shaped-1000-piece-panoramic-puzzle
Michael Storrings 12 Days Of Christmas Advent Puzzle Calendar,https://www.galison.com/products/michael-storrings-12-days-of-christmas-advent-puzzle-calendar
Christmas Car 130 Piece Puzzle Ornament,https://www.galison.com/products/christmas-car-130-piece-puzzle-ornament
Tree Skaters 130 Piece Puzzle Ornament,https://www.galison.com/products/tree-skaters-130-piece-puzzle-ornament
Snow Globe 130 Piece Puzzle Ornament,https://www.galison.com/products/snow-globe-130-piece-puzzle-ornament
Pajama Mamas 1000 Piece Puzzle,https://www.galison.com/products/pajama-mamas-1000-piece-puzzle
Kitty Mccall Lost In The Garden 500 Piece Puzzle,https://www.galison.com/products/kitty-mccall-lost-in-the-garden-500-piece-puzzle
Museum Of The Corgi 1000 Piece Puzzle,https://www.galison.com/products/museum-of-the-corgi-1000-piece-puzzle
Derrick Adams X Dreamyard 500 Piece Double Sided Puzzle,https://www.galison.com/products/derrick-adams-x-dreamyard-500-piece-double-sided-puzzle
Book Haven 1000 Piece Puzzle In Square Box,https://www.galison.com/products/book-haven-1000-piece-puzzle-in-square-box
Patterns Of India A Journey Through Colors Textiles And The Vibrancy Of Rajasthan 1000 Piece Puzzle,https://www.galison.com/products/patterns-of-india-a-journey-through-colors-textiles-and-the-vibrancy-of-rajasthan-1000-piece-puzzle
Tropics 1000 Piece Puzzle With Shaped Pieces,https://www.galison.com/products/tropics-1000-piece-puzzle-with-shaped-pieces
Kitty Mccall Palm Springs 1000 Piece Puzzle,https://www.galison.com/products/kitty-mccall-palm-springs-1000-piece-puzzle
Rupauls Drag Race 500 Piece Puzzle,https://www.galison.com/products/rupauls-drag-race-500-piece-puzzle
Jonathan Adler Atlas 300 Piece Lenticular Puzzle,https://www.galison.com/products/jonathan-adler-atlas-300-piece-lenticular-puzzle
Liberty Bianca 144 Piece Wood Puzzle,https://www.galison.com/products/liberty-bianca-144-piece-wood-puzzle
Liberty Power Of Love 500 Piece Double Sided Puzzle With Shaped Pieces,https://www.galison.com/products/liberty-power-of-love-500-piece-double-sided-puzzle-with-shaped-pieces
Louise Cunningham Merry And Bright 12 Days Of Christmas Advent Puzzle Calendar,https://www.galison.com/products/louise-cunningham-merry-and-bright-12-days-of-christmas-advent-puzzle-calendar
Quite Fetching 300 Piece Apartment Puzzle,https://www.galison.com/products/quite-fetching-300-piece-apartment-puzzle
How Are We Not Famous 100 Piece Mini Shaped Puzzle,https://www.galison.com/products/how-are-we-not-famous-100-piece-mini-shaped-puzzle
Mondays Am I Right 100 Piece Mini Shaped Puzzle,https://www.galison.com/products/mondays-am-i-right-100-piece-mini-shaped-puzzle
I Just Mooned You 100 Piece Mini Shaped Puzzle,https://www.galison.com/products/i-just-mooned-you-100-piece-mini-shaped-puzzle
You Complete Me 100 Piece Mini Shaped Puzzle,https://www.galison.com/products/you-complete-me-100-piece-mini-shaped-puzzle
Christian Lacroix Heritage Collection R Veries 1000 Piece Panoramic Puzzle,https://www.galison.com/products/christian-lacroix-heritage-collection-r-veries-1000-piece-panoramic-puzzle
Gray Malin The Winter 500 Piece Double Sided Puzzle,https://www.galison.com/products/gray-malin-the-winter-500-piece-double-sided-puzzle
Gray Malin The Dogs At The Beverly Hills Hotel 500 Piece Double Sided Puzzle,https://www.galison.com/products/gray-malin-the-dogs-at-the-beverly-hills-hotel-500-piece-double-sided-puzzle
Kaleido Beetles 500 Piece Family Puzzle,https://www.galison.com/products/kaleido-beetles-500-piece-family-puzzle
At First Sight Tangram Puzzle,https://www.galison.com/products/at-first-sight-tangram-puzzle
Employee Of The Month 300 Piece Apartment Puzzle 1,https://www.galison.com/products/employee-of-the-month-300-piece-apartment-puzzle-1
Fa La La La La 1000 Piece Puzzle,https://www.galison.com/products/fa-la-la-la-la-1000-piece-puzzle
Spring Street 1000 Piece Jigsaw Puzzle,https://www.galison.com/products/spring-street-1000-piece-jigsaw-puzzle
House Of Plants 1000 Piece Jigsaw Puzzle,https://www.galison.com/products/house-of-plants-1000-piece-jigsaw-puzzle
Readers Society 1000 Piece Puzzle,https://www.galison.com/products/readers-society-1000-piece-puzzle
Green City 1000 Piece Round Puzzle,https://www.galison.com/products/green-city-1000-piece-round-puzzle
Mosaic Hall 500 Piece Puzzle,https://www.galison.com/products/mosaic-hall-500-piece-puzzle
12 Days Wreath 500 Piece Puzzle,https://www.galison.com/products/12-days-wreath-500-piece-puzzle
Andy Warhol After The Party 250 Piece Wood Puzzle,https://www.galison.com/products/andy-warhol-after-the-party-250-piece-wood-puzzle
Andy Warhol Flowers 144 Piece Wood Puzzle,https://www.galison.com/products/andy-warhol-flowers-144-piece-wood-puzzle
Arizona Mini Shaped Puzzle,https://www.galison.com/products/arizona-mini-shaped-puzzle
Art Of The Cheeseboard 1000 Piece Multi Puzzle Puzzle,https://www.galison.com/products/art-of-the-cheeseboard-1000-piece-multi-puzzle-puzzle
Ashley Woodson Bailey Florida Light 1000 Piece Puzzle,https://www.galison.com/products/ashley-woodson-bailey-florida-light-1000-piece-puzzle
At The Table 500 Piece Puzzle,https://www.galison.com/products/at-the-table-500-piece-puzzle
Better Together 1000 Piece Puzzle,https://www.galison.com/products/better-together-1000-piece-puzzle
Chromatic Birds 500 Piece Puzzle,https://www.galison.com/products/chromatic-birds-500-piece-puzzle
Circle Of Avian Friends 1000 Piece Round Puzzle,https://www.galison.com/products/circle-of-avian-friends-1000-piece-round-puzzle
City Lights 1000 Piece Puzzle,https://www.galison.com/products/city-lights-1000-piece-puzzle
Dog Gallery 1000 Piece Puzzle,https://www.galison.com/products/dog-gallery-1000-piece-puzzle
Troy Litten Eastern Bloc Telephones 500 Piece Puzzle,https://www.galison.com/products/troy-litten-eastern-bloc-telephones-500-piece-puzzle
Fall Halloween Parade 1000 Piece Panoramic Puzzle,https://www.galison.com/products/fall-halloween-parade-1000-piece-panoramic-puzzle
Flora Heart 750 Piece Shaped Puzzle,https://www.galison.com/products/flora-heart-750-piece-shaped-puzzle
Flower Market 1000 Piece Puzzle,https://www.galison.com/products/flower-market-1000-piece-puzzle
Frank Lloyd Wright Imperial Hotel Multi Puzzle Set,https://www.galison.com/products/frank-lloyd-wright-imperial-hotel-multi-puzzle-set
Georgia Mini Shaped Puzzle,https://www.galison.com/products/georgia-mini-shaped-puzzle
Grow Through What You Go Through 500 Piece Puzzle,https://www.galison.com/products/grow-through-what-you-go-through-500-piece-puzzle
Illinois Mini Shaped Puzzle,https://www.galison.com/products/illinois-mini-shaped-puzzle
Intergalactic Flora 1000 Piece Foil Puzzle,https://www.galison.com/products/intergalactic-flora-1000-piece-foil-puzzle
Jonathan Adler Petals 750 Piece Shaped Puzzle,https://www.galison.com/products/jonathan-adler-petals-750-piece-shaped-puzzle
Joy Laforme Christmas Square 1000 Piece Puzzle,https://www.galison.com/products/joy-laforme-christmas-square-1000-piece-puzzle
Joyful 1000 Piece Puzzle,https://www.galison.com/products/joyful-1000-piece-puzzle
Kitty Mccall Blue Vase 250 Piece Wood Puzzle,https://www.galison.com/products/kitty-mccall-blue-vase-250-piece-wood-puzzle
Lift Each Other Higher 128 Piece Matchbox Puzzle,https://www.galison.com/products/lift-each-other-higher-128-piece-matchbox-puzzle
Mackenzie Childs Birds Of A Feather Collection Puzzle Set,https://www.galison.com/products/mackenzie-childs-birds-of-a-feather-collection-puzzle-set
Mackenzie Childs Blooming Kettle 750 Piece Shaped Puzzle,https://www.galison.com/products/mackenzie-childs-blooming-kettle-750-piece-shaped-puzzle
Mackenzie Childs Woodland Owl 250 Piece Shaped Wood Puzzle,https://www.galison.com/products/mackenzie-childs-woodland-owl-250-piece-shaped-wood-puzzle
Maptote Usa Color In 1000 Piece Puzzle,https://www.galison.com/products/maptote-usa-color-in-1000-piece-puzzle
Massachusetts Mini Shaped Puzzle,https://www.galison.com/products/massachusetts-mini-shaped-puzzle
Michael Storrings A Sunny Day In Palm Beach 1000 Piece Puzzle,https://www.galison.com/products/michael-storrings-a-sunny-day-in-palm-beach-1000-piece-puzzle
Michael Storrings Dog Park In Four Seasons 250 Piece Wood Puzzle,https://www.galison.com/products/michael-storrings-dog-park-in-four-seasons-250-piece-wood-puzzle
Michael Storrings Dog Park In Four Seasons 1000 Piece Puzzle,https://www.galison.com/products/michael-storrings-dog-park-in-four-seasons-1000-piece-puzzle
Michael Storrings Snowfall On Park Avenue 1000 Piece Puzzle,https://www.galison.com/products/michael-storrings-snowfall-on-park-avenue-1000-piece-puzzle
Michael Storrings Venice 1500 Piece Puzzle,https://www.galison.com/products/michael-storrings-venice-1500-piece-puzzle
Mina Hamada Luna De Flor 1000 Piece Round Puzzle,https://www.galison.com/products/mina-hamada-luna-de-flor-1000-piece-round-puzzle
Over Under 1000 Piece Panoramic Puzzle,https://www.galison.com/products/over-under-1000-piece-panoramic-puzzle
Painted Hills 500 Pc Puzzle,https://www.galison.com/products/painted-hills-500-pc-puzzle
Paper Dogs 750 Piece Shaped Puzzle,https://www.galison.com/products/paper-dogs-750-piece-shaped-puzzle
Paper Dogs 1000 Pc Puzzle,https://www.galison.com/products/paper-dogs-1000-pc-puzzle
Parkside View 1000 Pc Puzzle In A Square Box,https://www.galison.com/products/parkside-view-1000-pc-puzzle-in-a-square-box
Plant Cafe 1000 Piece Puzzle,https://www.galison.com/products/plant-cafe-1000-piece-puzzle
Potted 500 Piece Puzzle,https://www.galison.com/products/potted-500-piece-puzzle
Presidents Pets 2000 Piece Puzzle,https://www.galison.com/products/presidents-pets-2000-piece-puzzle
Seek Magic Every Day 128 Piece Matchbox Puzzle,https://www.galison.com/products/seek-magic-every-day-128-piece-matchbox-puzzle
Serenity Meow 1000 Piece Puzzle In A Square Box,https://www.galison.com/products/serenity-meow-1000-piece-puzzle-in-a-square-box
The Big Apple 1000 Piece Maze Puzzle,https://www.galison.com/products/the-big-apple-1000-piece-maze-puzzle
The City By The Bay 1000 Piece Maze Puzzle,https://www.galison.com/products/the-city-by-the-bay-1000-piece-maze-puzzle
The City That Never Sleeps 750 Piece Shaped Puzzle,https://www.galison.com/products/the-city-that-never-sleeps-750-piece-shaped-puzzle
The High Street Of Hope 1000 Piece Multi Puzzle Puzzle,https://www.galison.com/products/the-high-street-of-hope-1000-piece-multi-puzzle-puzzle
Trina Turk 500 Pc Double Sided Puzzle With Shaped Pieces,https://www.galison.com/products/trina-turk-500-pc-double-sided-puzzle-with-shaped-pieces
Trina Turk 1000 Pc Puzzle Smaller Rectangle Box,https://www.galison.com/products/trina-turk-1000-pc-puzzle-smaller-rectangle-box
Trina Turk Multi Puzzle Set,https://www.galison.com/products/trina-turk-multi-puzzle-set
Wendy Gold State Birds 1000 Piece Puzzle,https://www.galison.com/products/wendy-gold-state-birds-1000-piece-puzzle
Dont Stop Believin 100 Piece Mini Shaped Puzzle,https://www.galison.com/products/dont-stop-believin-100-piece-mini-shaped-puzzle
You Jingle My Bells 100 Piece Mini Shaped Puzzle,https://www.galison.com/products/you-jingle-my-bells-100-piece-mini-shaped-puzzle
Courageous 128 Piece Matchbox Puzzle,https://www.galison.com/products/courageous-128-piece-matchbox-puzzle
Puzzle Glue Sheets,https://www.galison.com/products/puzzle-glue-sheets
Puzzle Sorting Tray Set,https://www.galison.com/products/puzzle-sorting-tray-set
Nyc Map 1 000 Piece Panoramic Puzzle,https://www.galison.com/products/nyc-map-1-000-piece-panoramic-puzzle
Thinking Of You 100 Piece Mini Shaped Puzzle,https://www.galison.com/products/thinking-of-you-100-piece-mini-shaped-puzzle
Tidings 100 Piece Mini Shaped Puzzle,https://www.galison.com/products/tidings-100-piece-mini-shaped-puzzle
Home For Christmas 100 Piece Mini Shaped Puzzle,https://www.galison.com/products/home-for-christmas-100-piece-mini-shaped-puzzle
Gray Malin The Usa Aerials 3 In 1 Puzzle Set,https://www.galison.com/products/gray-malin-the-usa-aerials-3-in-1-puzzle-set
Wild Tropics 1000 Piece Surprise Puzzle,https://www.galison.com/products/wild-tropics-1000-piece-surprise-puzzle
The Perfect Peace 1000 Piece Puzzle,https://www.galison.com/products/the-perfect-peace-1000-piece-puzzle
Planter Perfection 1000 Piece Puzzle With Shaped Pieces,https://www.galison.com/products/planter-perfection-1000-piece-puzzle-with-shaped-pieces
Tea Time 1000 Piece Puzzle With Shaped Pieces,https://www.galison.com/products/tea-time-1000-piece-puzzle-with-shaped-pieces
Desert Avian Friends 1000 Piece Puzzle,https://www.galison.com/products/desert-avian-friends-1000-piece-puzzle
Game Night 1000 Piece Puzzle In Square Box,https://www.galison.com/products/game-night-1000-piece-puzzle-in-square-box
Curiosities 1000 Piece Puzzle,https://www.galison.com/products/curiosities-1000-piece-puzzle
Jonathan Adler Parrots 500 Piece Puzzle,https://www.galison.com/products/jonathan-adler-parrots-500-piece-puzzle
Laundry Dogs 500 Piece Puzzle,https://www.galison.com/products/laundry-dogs-500-piece-puzzle
House Of Astrology 500 Piece Foil Puzzle,https://www.galison.com/products/house-of-astrology-500-piece-foil-puzzle
Sunflower Blooms 500 Piece Puzzle,https://www.galison.com/products/sunflower-blooms-500-piece-puzzle
Colors Of The Moon 500 Piece Puzzle,https://www.galison.com/products/colors-of-the-moon-500-piece-puzzle
Shrooms In Bloom 500 Piece Puzzle,https://www.galison.com/products/shrooms-in-bloom-500-piece-puzzle
Wild Spirit 500 Piece Puzzle,https://www.galison.com/products/wild-spirit-500-piece-puzzle
Donut Club 500 Piece Puzzle,https://www.galison.com/products/donut-club-500-piece-puzzle
Succulent Mosaic 500 Piece Foil Puzzle,https://www.galison.com/products/succulent-mosaic-500-piece-foil-puzzle
Mixtape Afternoon 500 Piece Puzzle,https://www.galison.com/products/mixtape-afternoon-500-piece-puzzle
Andrea Pippins I Love My Hair Tools 500 Piece Puzzle,https://www.galison.com/products/andrea-pippins-i-love-my-hair-tools-500-piece-puzzle
Michael Storrings Autumn By The Sea 1000 Piece Puzzle,https://www.galison.com/products/michael-storrings-autumn-by-the-sea-1000-piece-puzzle
Michael Storrings Apple Pickin 1000 Piece Puzzle,https://www.galison.com/products/michael-storrings-apple-pickin-1000-piece-puzzle
Autumn In The Neighborhood 1000 Piece Puzzle,https://www.galison.com/products/autumn-in-the-neighborhood-1000-piece-puzzle
Frank Lloyd Wright Imperial Hotel Stone Wall Mural 250 Piece Wood Puzzle,https://www.galison.com/products/frank-lloyd-wright-imperial-hotel-stone-wall-mural-250-piece-wood-puzzle
Ashley Woodson Bailey Endless Love 1000 Piece Panoramic Puzzle,https://www.galison.com/products/ashley-woodson-bailey-endless-love-1000-piece-panoramic-puzzle
Major Arcana 500 Piece Double Sided Puzzle,https://www.galison.com/products/major-arcana-500-piece-double-sided-puzzle
Andrea Pippins I Love My Hair 500 Piece Puzzle With Shaped Pieces,https://www.galison.com/products/andrea-pippins-i-love-my-hair-500-piece-puzzle-with-shaped-pieces
Andrea Pippins Flowers In Your Hair Color In 1000 Piece Panoramic Puzzle,https://www.galison.com/products/andrea-pippins-flowers-in-your-hair-color-in-1000-piece-panoramic-puzzle
Gourds 1000 Piece Puzzle,https://www.galison.com/products/gourds-1000-piece-puzzle
Heirloom Apples 1000 Piece Puzzle,https://www.galison.com/products/heirloom-apples-1000-piece-puzzle
Bees In The Poppies 1000 Piece Puzzle,https://www.galison.com/products/bees-in-the-poppies-1000-piece-puzzle
Romare Bearden X Dreamyard 500 Piece Double Sided Puzzle,https://www.galison.com/products/romare-bearden-x-dreamyard-500-piece-double-sided-puzzle
Jonathan Adler Parrots 500 Piece Puzzle 1,https://www.galison.com/products/jonathan-adler-parrots-500-piece-puzzle-1
Jonathan Adler Shelfie 1000 Piece Puzzle,https://www.galison.com/products/jonathan-adler-shelfie-1000-piece-puzzle
Umbrella Lane 1000 Piece Puzzle,https://www.galison.com/products/umbrella-lane-1000-piece-puzzle
Houseplant Jungle Multi Puzzle Set,https://www.galison.com/products/houseplant-jungle-multi-puzzle-set
Kitchen Essentials 500 Piece Puzzle With Shaped Pieces,https://www.galison.com/products/kitchen-essentials-500-piece-puzzle-with-shaped-pieces
Wintry Cats 500 Piece Puzzle,https://www.galison.com/products/wintry-cats-500-piece-puzzle
Snowy Night 500 Piece Puzzle,https://www.galison.com/products/snowy-night-500-piece-puzzle
Fireside Friends 1000 Piece Puzzle,https://www.galison.com/products/fireside-friends-1000-piece-puzzle
Winter Perch 500 Piece Puzzle,https://www.galison.com/products/winter-perch-500-piece-puzzle
Michael Storrings Christmas Tree Farm 1000 Piece Foil Puzzle,https://www.galison.com/products/michael-storrings-christmas-tree-farm-1000-piece-foil-puzzle
Michael Storrings Christmas In New Orleans 1000 Piece Puzzle,https://www.galison.com/products/michael-storrings-christmas-in-new-orleans-1000-piece-puzzle
Gray Malin The Holiday 3 In 1 Puzzle Set,https://www.galison.com/products/gray-malin-the-holiday-3-in-1-puzzle-set
An Urgent Message 1 000 Piece Panoramic Puzzle,https://www.galison.com/products/an-urgent-message-1-000-piece-panoramic-puzzle
Gpc Dog Portraits 500 Piece Puzzle,https://www.galison.com/products/gpc-dog-portraits-500-piece-puzzle
Gpc Cat Portraits 500 Piece Puzzle,https://www.galison.com/products/gpc-cat-portraits-500-piece-puzzle
Gpc Sunset Cinque Terre 500 Piece Puzzle,https://www.galison.com/products/gpc-sunset-cinque-terre-500-piece-puzzle
Gpc Flowers Amsterdam 1000 Piece Puzzle,https://www.galison.com/products/gpc-flowers-amsterdam-1000-piece-puzzle
Gpc Outdoor Garden 500 Piece Puzzle,https://www.galison.com/products/gpc-outdoor-garden-500-piece-puzzle
Gpc Warm Fireplace 500 Piece Puzzle,https://www.galison.com/products/gpc-warm-fireplace-500-piece-puzzle
Gpc Little Town Lights 500 Piece Puzzle,https://www.galison.com/products/gpc-little-town-lights-500-piece-puzzle
Gray Malin The Dogs Of New York City 1000 Piece Puzzle,https://www.galison.com/products/gray-malin-the-dogs-of-new-york-city-1000-piece-puzzle
Gray Malin The Beach Club 1000 Piece Puzzle,https://www.galison.com/products/gray-malin-the-beach-club-1000-piece-puzzle
7 Days Of Mindfulness By Jessica Poundstone Puzzle Set,https://www.galison.com/products/7-days-of-mindfulness-by-jessica-poundstone-puzzle-set
Andy Warhol Sunset 500 Piece Book Puzzle,https://www.galison.com/products/andy-warhol-sunset-500-piece-book-puzzle
Artful Blooms 500 Piece Puzzle,https://www.galison.com/products/artful-blooms-500-piece-puzzle
Beside The Sea 500 Piece Puzzle,https://www.galison.com/products/beside-the-sea-500-piece-puzzle
Book World 1000 Piece Puzzle,https://www.galison.com/products/book-world-1000-piece-puzzle
Colors Of The French Riviera 1000 Piece Puzzle In Square Box,https://www.galison.com/products/colors-of-the-french-riviera-1000-piece-puzzle-in-square-box
Constellations 101 Stargazing 500 Piece Book Puzzle,https://www.galison.com/products/constellations-101-stargazing-500-piece-book-puzzle
Ever Upward Grow Your Own Way 1000 Piece Puzzle,https://www.galison.com/products/ever-upward-grow-your-own-way-1000-piece-puzzle
Frank Lloyd Wright Organic Geometry 500 Piece Multi Puzzle Puzzle,https://www.galison.com/products/frank-lloyd-wright-organic-geometry-500-piece-multi-puzzle-puzzle
Frank Lloyd Wright Frozen Spheres 500 Piece Foil Puzzle,https://www.galison.com/products/frank-lloyd-wright-frozen-spheres-500-piece-foil-puzzle
Joy Laforme Garden Path 500 Piece Puzzle,https://www.galison.com/products/joy-laforme-garden-path-500-piece-puzzle
Liberty Prospect Road 500 Piece Book Puzzle,https://www.galison.com/products/liberty-prospect-road-500-piece-book-puzzle
Lighting 101 Houseplants 500 Piece Book Puzzle,https://www.galison.com/products/lighting-101-houseplants-500-piece-book-puzzle
Little Bistro 1000 Piece Surprise Puzzle,https://www.galison.com/products/little-bistro-1000-piece-surprise-puzzle
London In Bloom 1000 Piece Puzzle,https://www.galison.com/products/london-in-bloom-1000-piece-puzzle
London Passage 1000 Piece Puzzle In Square Box,https://www.galison.com/products/london-passage-1000-piece-puzzle-in-square-box
Michael Storrings Market In Bloom 2000 Piece Puzzle,https://www.galison.com/products/michael-storrings-market-in-bloom-2000-piece-puzzle
Frank Lloyd Wright Midway Mural 750 Piece Shaped Foil Puzzle,https://www.galison.com/products/frank-lloyd-wright-midway-mural-750-piece-shaped-foil-puzzle
Novel Neighborhood 1000 Piece Foil Puzzle,https://www.galison.com/products/novel-neighborhood-1000-piece-foil-puzzle
Shelf Life 1000 Piece Surprise Puzzle,https://www.galison.com/products/shelf-life-1000-piece-surprise-puzzle
The Art Of Pasta 1000 Piece Puzzle With Shaped Pieces,https://www.galison.com/products/the-art-of-pasta-1000-piece-puzzle-with-shaped-pieces
The Garden Board 500 Piece Puzzle,https://www.galison.com/products/the-garden-board-500-piece-puzzle
The Greenmarket Table 1500 Piece Puzzle,https://www.galison.com/products/the-greenmarket-table-1500-piece-puzzle
Tools For Creative Success 1000 Piece Puzzle,https://www.galison.com/products/tools-for-creative-success-1000-piece-puzzle
By The Koi Pond 1000 Piece Puzzle In Square Box,https://www.galison.com/products/by-the-koi-pond-1000-piece-puzzle-in-square-box
Prismatic Eggs 1000 Piece Puzzle,https://www.galison.com/products/prismatic-eggs-1000-piece-puzzle
Joy Laforme Spring Street Greeting Card Puzzle,https://www.galison.com/products/joy-laforme-spring-street-greeting-card-puzzle
Blooms Of Love Greeting Card Puzzle,https://www.galison.com/products/blooms-of-love-greeting-card-puzzle
Confetti Birthday Cake Greeting Card Puzzle,https://www.galison.com/products/confetti-birthday-cake-greeting-card-puzzle
Artisanal Eggs 500 Piece Puzzle,https://www.galison.com/products/artisanal-eggs-500-piece-puzzle
Foraged 1000 Piece Puzzle,https://www.galison.com/products/foraged-1000-piece-puzzle
Andy Warhol Flowers 2 In 1 Sliding Wood Puzzle,https://www.galison.com/products/andy-warhol-flowers-2-in-1-sliding-wood-puzzle
Andy Warhol Marilyn 2 In 1 Sliding Wood Puzzle,https://www.galison.com/products/andy-warhol-marilyn-2-in-1-sliding-wood-puzzle
At The Chocolate Bar 500 Piece Foil Puzzle,https://www.galison.com/products/at-the-chocolate-bar-500-piece-foil-puzzle
Basquiat Bird On Money 500 Piece Book Puzzle,https://www.galison.com/products/basquiat-bird-on-money-500-piece-book-puzzle
Basquiat Horn Players 500 Piece Book Puzzle,https://www.galison.com/products/basquiat-horn-players-500-piece-book-puzzle
Christmas In The Village 500 Piece House Puzzle,https://www.galison.com/products/christmas-in-the-village-500-piece-house-puzzle
Cosmic Highway 1000 Piece Puzzle In A Square Box,https://www.galison.com/products/cosmic-highway-1000-piece-puzzle-in-a-square-box
Deck The Shelves 1000 Piece Puzzle In A Square Box,https://www.galison.com/products/deck-the-shelves-1000-piece-puzzle-in-a-square-box
Frank Lloyd Wright Imperial Hotel 2 In 1 Sliding Wood Puzzle,https://www.galison.com/products/frank-lloyd-wright-imperial-hotel-2-in-1-sliding-wood-puzzle
Gather Together 500 Piece Puzzle,https://www.galison.com/products/gather-together-500-piece-puzzle
Gray Malin Cinque Terre 1000 Piece Book Puzzle,https://www.galison.com/products/gray-malin-cinque-terre-1000-piece-book-puzzle
Handmade Wreaths 1000 Piece Puzzle,https://www.galison.com/products/handmade-wreaths-1000-piece-puzzle
Joy Laforme Autumn At The City Market 1000 Piece Puzzle,https://www.galison.com/products/joy-laforme-autumn-at-the-city-market-1000-piece-puzzle
Joy Laforme Sparkling City 1000 Piece Foil Puzzle In A Square Box,https://www.galison.com/products/joy-laforme-sparkling-city-1000-piece-foil-puzzle-in-a-square-box
Joy Laforme Winter Lights Greeting Card Puzzle,https://www.galison.com/products/joy-laforme-winter-lights-greeting-card-puzzle
Liberty All You Need Is Love 500 Piece Book Puzzle,https://www.galison.com/products/liberty-all-you-need-is-love-500-piece-book-puzzle
Liberty Christmas Tree Of Life 500 Piece Foil Puzzle,https://www.galison.com/products/liberty-christmas-tree-of-life-500-piece-foil-puzzle
Liberty Vista 500 Piece Book Puzzle,https://www.galison.com/products/liberty-vista-500-piece-book-puzzle
Lounge Dogs 500 Piece Puzzle,https://www.galison.com/products/lounge-dogs-500-piece-puzzle
Michael Storrings Alpine Village Snowglobe 500 Piece Foil Puzzle,https://www.galison.com/products/michael-storrings-alpine-village-snowglobe-500-piece-foil-puzzle
Michael Storrings Christmas In London 1000 Piece Puzzle,https://www.galison.com/products/michael-storrings-christmas-in-london-1000-piece-puzzle
Michael Storrings Fall In Central Park 1000 Piece Puzzle,https://www.galison.com/products/michael-storrings-fall-in-central-park-1000-piece-puzzle
Nutcracker Magic 500 Piece Puzzle,https://www.galison.com/products/nutcracker-magic-500-piece-puzzle
Parisian Life 1000 Piece Panoramic Puzzle,https://www.galison.com/products/parisian-life-1000-piece-panoramic-puzzle
Plant World 1000 Piece Puzzle,https://www.galison.com/products/plant-world-1000-piece-puzzle
Potted Greeting Card Puzzle,https://www.galison.com/products/potted-greeting-card-puzzle
Stitch By Stitch 1000 Piece Puzzle,https://www.galison.com/products/stitch-by-stitch-1000-piece-puzzle
Sweet Confections 500 Piece Puzzle,https://www.galison.com/products/sweet-confections-500-piece-puzzle
Tree Decorating 130Pc Puzzle Ornament,https://www.galison.com/products/tree-decorating-130pc-puzzle-ornament
Winter Sledding 130Pc Puzzle Ornament,https://www.galison.com/products/winter-sledding-130pc-puzzle-ornament
Uncovering New York City Search And Find 1000 Piece Puzzle,https://www.galison.com/products/uncovering-new-york-city-search-and-find-1000-piece-puzzle
Zodiac Flowers 1000 Piece Puzzle,https://www.galison.com/products/zodiac-flowers-1000-piece-puzzle
Icy Treats 1000 Piece Puzzle,https://www.galison.com/products/icy-treats-1000-piece-puzzle
Michael Storrings Springtime In Paris 1000 Piece Puzzle,https://www.galison.com/products/michael-storrings-springtime-in-paris-1000-piece-puzzle
Michael Storrings Easter Egg Hunt 1000 Piece Puzzle,https://www.galison.com/products/michael-storrings-easter-egg-hunt-1000-piece-puzzle
Joy Laforme Spring Terrace 1000 Piece Puzzle,https://www.galison.com/products/joy-laforme-spring-terrace-1000-piece-puzzle
Frank Lloyd Wright Imperial Hotel 500 Piece Book Puzzle,https://www.galison.com/products/frank-lloyd-wright-imperial-hotel-500-piece-book-puzzle
Frank Lloyd Wright December Gifts 500 Piece Book Puzzle,https://www.galison.com/products/frank-lloyd-wright-december-gifts-500-piece-book-puzzle
Frank Lloyd Wright Hillside Curtain 1500 Piece Foil Puzzle,https://www.galison.com/products/frank-lloyd-wright-hillside-curtain-1500-piece-foil-puzzle
Joy Laforme Flower Shop 500 Piece House Puzzle,https://www.galison.com/products/joy-laforme-flower-shop-500-piece-house-puzzle
Vibrant Seashells 1000 Piece Puzzle,https://www.galison.com/products/vibrant-seashells-1000-piece-puzzle
Teacups 1000 Piece Puzzle,https://www.galison.com/products/teacups-1000-piece-puzzle
Gray Malin 1000 Piece Puzzle Notting Hill,https://www.galison.com/products/gray-malin-1000-piece-puzzle-notting-hill
Sensing Colors By Jessica Poundstone 1000 Piece Puzzle,https://www.galison.com/products/sensing-colors-by-jessica-poundstone-1000-piece-puzzle
Gray Malin 1000 Piece Puzzle Coney Island,https://www.galison.com/products/gray-malin-1000-piece-puzzle-coney-island
Melons From The Vine 1000 Piece Puzzle,https://www.galison.com/products/melons-from-the-vine-1000-piece-puzzle
Language Of Flowers 1000 Piece Puzzle,https://www.galison.com/products/language-of-flowers-1000-piece-puzzle
Best In Show 1000 Piece Puzzle,https://www.galison.com/products/best-in-show-1000-piece-puzzle
Michael Storrings Easter Parade 500 Piece Puzzle,https://www.galison.com/products/michael-storrings-easter-parade-500-piece-puzzle
Cosmic Rainbow 500 Piece Puzzle,https://www.galison.com/products/cosmic-rainbow-500-piece-puzzle
Natures Prism 500 Piece Puzzle,https://www.galison.com/products/natures-prism-500-piece-puzzle
Painted Path 500 Piece Puzzle,https://www.galison.com/products/painted-path-500-piece-puzzle
1500 Piece Puzzle Mat,https://www.galison.com/products/1500-piece-puzzle-mat
Springtime Petals 500 Piece Puzzle,https://www.galison.com/products/springtime-petals-500-piece-puzzle
Caturday Afternoon 500 Piece Family Puzzle,https://www.galison.com/products/caturday-afternoon-500-piece-family-puzzle
Doggone Days 500 Piece Family Puzzle,https://www.galison.com/products/doggone-days-500-piece-family-puzzle
American Sign Language Alphabet 500 Piece Family Puzzle,https://www.galison.com/products/american-sign-language-alphabet-500-piece-family-puzzle
Merry Mixer 1000 Piece Foil Puzzle,https://www.galison.com/products/merry-mixer-1000-piece-foil-puzzle
World Of Curiosities 1000 Piece Puzzle,https://www.galison.com/products/world-of-curiosities-1000-piece-puzzle
Joy Laforme Bloomarium 1000 Piece Puzzle,https://www.galison.com/products/joy-laforme-bloomarium-1000-piece-puzzle
Purrfect Nook 1000 Piece Puzzle,https://www.galison.com/products/purrfect-nook-1000-piece-puzzle
Enchanted Snowfall 1000 Piece Puzzle,https://www.galison.com/products/enchanted-snowfall-1000-piece-puzzle
Occult And Curious 1000 Piece Glow In The Dark Puzzle,https://www.galison.com/products/occult-and-curious-1000-piece-glow-in-the-dark-puzzle
Lounging Cats 1000 Piece Puzzle,https://www.galison.com/products/lounging-cats-1000-piece-puzzle
World Of Mushrooms 1000 Piece Puzzle,https://www.galison.com/products/world-of-mushrooms-1000-piece-puzzle
Michael Storrings Pumpkin Patch 1000 Piece Puzzle,https://www.galison.com/products/michael-storrings-pumpkin-patch-1000-piece-puzzle
Michael Storrings Christmas In Paris 1000 Piece Foil Puzzle,https://www.galison.com/products/michael-storrings-christmas-in-paris-1000-piece-foil-puzzle
Michael Storrings Newport Mansions 1000 Piece Puzzle,https://www.galison.com/products/michael-storrings-newport-mansions-1000-piece-puzzle
Nature In Autumn 500 Piece Puzzle,https://www.galison.com/products/nature-in-autumn-500-piece-puzzle
Michael Storrings Toy Workshop 500 Piece Foil Puzzle,https://www.galison.com/products/michael-storrings-toy-workshop-500-piece-foil-puzzle
Spooky Portraits 500 Piece Foil Puzzle,https://www.galison.com/products/spooky-portraits-500-piece-foil-puzzle
Fashionable Dogs 500 Piece Puzzle,https://www.galison.com/products/fashionable-dogs-500-piece-puzzle
Woodland Pass 500 Piece Puzzle,https://www.galison.com/products/woodland-pass-500-piece-puzzle
Furry And Bright 500 Piece Puzzle,https://www.galison.com/products/furry-and-bright-500-piece-puzzle
Journey Of Three Kings 500 Piece Puzzle,https://www.galison.com/products/journey-of-three-kings-500-piece-puzzle
Seasons Readings 500 Piece Foil Puzzle,https://www.galison.com/products/seasons-readings-500-piece-foil-puzzle
Yuletide Forest 500 Piece Puzzle,https://www.galison.com/products/yuletide-forest-500-piece-puzzle
Wheres ________ Curious And Far Out Places 500 Piece Search And Find Puzzle,https://www.galison.com/products/wheres-________-curious-and-far-out-places-500-piece-search-and-find-puzzle
Michael Storrings Halloween Parade 500 Piece Puzzle,https://www.galison.com/products/michael-storrings-halloween-parade-500-piece-puzzle
Joy Laforme Gingerbread Cottage 500 Piece Puzzle In A House,https://www.galison.com/products/joy-laforme-gingerbread-cottage-500-piece-puzzle-in-a-house
Flower Gazing 500 Piece Foil Puzzle,https://www.galison.com/products/flower-gazing-500-piece-foil-puzzle
Joy Laforme Christmas Square Greeting Card Puzzle,https://www.galison.com/products/joy-laforme-christmas-square-greeting-card-puzzle
Joy Laforme Cozy Cabin Greeting Card Puzzle,https://www.galison.com/products/joy-laforme-cozy-cabin-greeting-card-puzzle
Merry Bright Greeting Card Puzzle,https://www.galison.com/products/merry-bright-greeting-card-puzzle
Ranunculus Greeting Card Puzzle,https://www.galison.com/products/ranunculus-greeting-card-puzzle
Merry In The Making 1000 Piece Surprise Puzzle,https://www.galison.com/products/merry-in-the-making-1000-piece-surprise-puzzle
Troy Litten Butterflies In The Sweet Peas 1000 Piece Puzzle,https://www.galison.com/products/troy-litten-butterflies-in-the-sweet-peas-1000-piece-puzzle
Sweets For The Sweet Greeting Card Puzzle,https://www.galison.com/products/sweets-for-the-sweet-greeting-card-puzzle
Joy Laforme Merry Market 1000 Piece Foil Puzzle In A Square Box,https://www.galison.com/products/joy-laforme-merry-market-1000-piece-foil-puzzle-in-a-square-box
Critter City 500 Piece Family Puzzle,https://www.galison.com/products/critter-city-500-piece-family-puzzle
Unicorn Reading 500 Piece Family Puzzle,https://www.galison.com/products/unicorn-reading-500-piece-family-puzzle
Chinese Zodiac 500 Piece Puzzle,https://www.galison.com/products/chinese-zodiac-500-piece-puzzle
Welcome To Spooky Town 500 Piece Puzzle,https://www.galison.com/products/welcome-to-spooky-town-500-piece-puzzle
Ho Ho Howl Countdown Puzzle Set,https://www.galison.com/products/ho-ho-howl-countdown-puzzle-set
Peanuts Baseball 1000 Piece Puzzle,https://www.galison.com/products/peanuts-baseball-1000-piece-puzzle
Ephemeral Tulips 1000 Piece Puzzle,https://www.galison.com/products/ephemeral-tulips-1000-piece-puzzle
Michael Storrings Cats In The City 1000 Piece Puzzle,https://www.galison.com/products/michael-storrings-cats-in-the-city-1000-piece-puzzle
Disco Life 500 Piece Foil Puzzle,https://www.galison.com/products/disco-life-500-piece-foil-puzzle
Joy Laforme Art Of The Table 500 Foil Piece Puzzle,https://www.galison.com/products/joy-laforme-art-of-the-table-500-foil-piece-puzzle
Michael Storrings Easter Candy Shop 500 Piece Puzzle,https://www.galison.com/products/michael-storrings-easter-candy-shop-500-piece-puzzle
Joy Laforme Capeside Victorian 1000 Piece Foil Puzzle,https://www.galison.com/products/joy-laforme-capeside-victorian-1000-piece-foil-puzzle
Victoria Ball Quilters Corner 1000 Piece Foil Puzzle,https://www.galison.com/products/victoria-ball-quilters-corner-1000-piece-foil-puzzle
Wendy Gold Winged Metamorphosis 1000 Piece Foil Puzzle,https://www.galison.com/products/wendy-gold-winged-metamorphosis-1000-piece-foil-puzzle
Birdhouse Lane 1000 Piece Puzzle,https://www.galison.com/products/birdhouse-lane-1000-piece-puzzle
Buzzy Bouquets Greeting Card Puzzle,https://www.galison.com/products/buzzy-bouquets-greeting-card-puzzle
Spring Tea Party 500 Piece Foil Puzzle,https://www.galison.com/products/spring-tea-party-500-piece-foil-puzzle
Artisanal Eggs Greeting Card Puzzle,https://www.galison.com/products/artisanal-eggs-greeting-card-puzzle
Buzzy Bouquets 500 Piece Puzzle,https://www.galison.com/products/buzzy-bouquets-500-piece-puzzle
Seasons In Bloom 1000 Piece Puzzle,https://www.galison.com/products/seasons-in-bloom-1000-piece-puzzle
Purrfect Accessories 500 Piece Foil Puzzle,https://www.galison.com/products/purrfect-accessories-500-piece-foil-puzzle
Cottage Wildflowers 1000 Piece Puzzle In A Square Box,https://www.galison.com/products/cottage-wildflowers-1000-piece-puzzle-in-a-square-box
Gray Malin Nantucket 1000 Piece Book Box Puzzle,https://www.galison.com/products/gray-malin-nantucket-1000-piece-book-box-puzzle
Gray Malin Palm Beach 1000 Piece Book Box Puzzle,https://www.galison.com/products/gray-malin-palm-beach-1000-piece-book-box-puzzle
Tuscan Afternoon 500 Piece Puzzle,https://www.galison.com/products/tuscan-afternoon-500-piece-puzzle
Joy Laforme The Cottage Hills 1000 Piece Puzzle In A Square Box,https://www.galison.com/products/joy-laforme-the-cottage-hills-1000-piece-puzzle-in-a-square-box
Michael Storrings Cities Around The World 1000 Piece Puzzle,https://www.galison.com/products/michael-storrings-cities-around-the-world-1000-piece-puzzle
Books Of Wonder 500 Piece House Puzzle,https://www.galison.com/products/books-of-wonder-500-piece-house-puzzle
Stephen Wilkes Day To Night Coney Island 1500 Piece Puzzle,https://www.galison.com/products/stephen-wilkes-day-to-night-coney-island-1500-piece-puzzle
Stephen Wilkes Day To Night Washington Square Park 1000 Piece Puzzle,https://www.galison.com/products/stephen-wilkes-day-to-night-washington-square-park-1000-piece-puzzle
Stephen Wilkes Day To Night Flatiron 1000 Piece Puzzle,https://www.galison.com/products/stephen-wilkes-day-to-night-flatiron-1000-piece-puzzle
Blooming Cats 500 Piece Puzzle,https://www.galison.com/products/blooming-cats-500-piece-puzzle
Missing Puzzle Piece,https://www.galison.com/pages/missing-puzzle-piece
Replacement Puzzle Options,https://www.galison.com/pages/replacement-puzzle-options
1500 Piece Jigsaw Puzzle,https://www.galison.com/collections/1500-piece-jigsaw-puzzle
Good Puzzle Co,https://www.galison.com/collections/good-puzzle-co
Puzzle Ornaments,https://www.galison.com/collections/puzzle-ornaments
Puzzle Advent Calendars,https://www.galison.com/collections/puzzle-advent-calendars
Halloween Puzzle Collection,https://www.galison.com/collections/halloween-puzzle-collection
Greeting Card Puzzle,https://www.galison.com/collections/greeting-card-puzzle
National Puzzle Month,https://www.galison.com/collections/national-puzzle-month
